{
  "optimization_date": "2025-08-09T08:58:11.341593",
  "risk_free_rate": 0.02,
  "expected_returns": {
    "TSLA": 0.11072164349776888,
    "BND": 0.019599306717720977,
    "SPY": 0.14484445634899049
  },
  "covariance_matrix": {
    "TSLA": {
      "TSLA": 0.3503305726948025,
      "BND": 0.0018608571594673417,
      "SPY": 0.052950371661595774
    },
    "BND": {
      "TSLA": 0.0018608571594673417,
      "BND": 0.003016063731276459,
      "SPY": 0.0011504651114922918
    },
    "SPY": {
      "TSLA": 0.052950371661595774,
      "BND": 0.0011504651114922918,
      "SPY": 0.033272343540189465
    }
  },
  "max_sharpe_portfolio": {
    "weights": "[0.00000000e+00 3.91353616e-15 1.00000000e+00]",
    "return": 0.1448444563489902,
    "volatility": 0.18240708193540434,
    "sharpe_ratio": 0.6844276824361527
  },
  "min_volatility_portfolio": {
    "weights": "[0.         0.94517351 0.05482649]",
    "return": 0.026466059176793698,
    "volatility": 0.05397832653962789,
    "sharpe_ratio": 0.1197899155329811
  }
}